drug,smiles,target,binding_affinity,disease
Paclitaxel,CCNC,ALK,0.672,Cancer
Tamoxifen,CNC,ALK,0.741,Cancer
Sorafenib,CCOC,PI3K,0.678,Cancer
Imatinib,CCNC,PD-L1,0.691,Cancer
Gefitinib,CNC,PI3K,0.945,Cancer
Lapatinib,CCCO,PD-1,0.837,Cancer
Paclitaxel,CCN,mTOR,0.856,Cancer
Docetaxel,CCN,HER2,0.816,Cancer
Docetaxel,CCNC,ALK,0.569,Cancer
Imatinib,CCN,EGFR,0.657,Cancer
Trastuzumab,CCN,PD-L1,0.804,Cancer
Regorafenib,CCCN,VEGFR,0.722,Cancer
Sunitinib,CCN(CC)CC,BRAF,0.852,Cancer
Regorafenib,CCNCO,BRAF,0.759,Cancer
Imatinib,CCNC,VEGFR,0.685,Cancer
Sorafenib,CCOC,mTOR,0.69,Cancer
Lapatinib,C1CCCCC1,PD-L1,0.938,Cancer
Tamoxifen,CCCO,PD-L1,0.967,Cancer
Regorafenib,CCCN,HER2,0.551,Cancer
Erlotinib,CCOC,BRAF,0.863,Cancer
Dasatinib,CCNCO,EGFR,0.651,Cancer
Gefitinib,C1CCCCC1,EGFR,0.778,Cancer
Vemurafenib,CCCN,PD-1,0.583,Cancer
Docetaxel,C1CCCCC1,PD-L1,0.612,Cancer
Lapatinib,CC(C)CC,EGFR,0.707,Cancer
Paclitaxel,CCO,ALK,0.989,Cancer
Paclitaxel,CCNC,HER2,0.958,Cancer
Trastuzumab,CCC,EGFR,0.723,Cancer
Regorafenib,CNC,EGFR,0.806,Cancer
Trastuzumab,CCCN,PI3K,0.563,Cancer
Erlotinib,CC(C)O,PD-1,0.554,Cancer
Gefitinib,C1CCCCC1,ALK,0.731,Cancer
Docetaxel,C1CCCCC1,EGFR,0.815,Cancer
Bevacizumab,CCNC,HER2,0.933,Cancer
Sunitinib,CCNC,ALK,0.819,Cancer
Imatinib,CCN(CC)CC,PD-1,0.972,Cancer
Nilotinib,CCCO,PD-1,0.633,Cancer
Sunitinib,CC(C)CC,EGFR,0.977,Cancer
Erlotinib,CCN(CC)CC,EGFR,0.875,Cancer
Bevacizumab,CCCO,mTOR,0.874,Cancer
Regorafenib,CCNC,mTOR,0.73,Cancer
Vemurafenib,C1CCCCC1,PD-1,0.633,Cancer
Bevacizumab,CCN(CC)CC,VEGFR,0.631,Cancer
Regorafenib,CCC,HER2,0.895,Cancer
Sorafenib,CCNC,ALK,0.891,Cancer
Tamoxifen,CCN,HER2,0.687,Cancer
Paclitaxel,CCCO,MEK,0.814,Cancer
Vemurafenib,CCCN,PD-1,0.843,Cancer
Paclitaxel,CCCO,VEGFR,0.933,Cancer
Sorafenib,CCNCO,mTOR,0.888,Cancer
Tamoxifen,CCOC(=O)C,VEGFR,0.787,Cancer
Bevacizumab,CCNC,ALK,0.653,Cancer
Dasatinib,CNC,MEK,0.82,Cancer
Paclitaxel,CCNCO,EGFR,0.638,Cancer
Sunitinib,CCC,MEK,0.792,Cancer
Gefitinib,C1CCCCC1,BRAF,0.584,Cancer
Gefitinib,CNC,PD-L1,0.908,Cancer
Paclitaxel,CCN(CC)CC,MEK,0.965,Cancer
Sorafenib,CCN,PD-1,0.626,Cancer
Erlotinib,COC,ALK,0.582,Cancer
Sunitinib,CCCN,PI3K,0.971,Cancer
Vemurafenib,CC(C)CC,PD-1,0.956,Cancer
Sunitinib,CCNCO,PI3K,0.59,Cancer
Vemurafenib,CCN(CC)CC,PD-1,0.62,Cancer
Gefitinib,CCC,HER2,0.75,Cancer
Regorafenib,CC(C)O,ALK,0.653,Cancer
Paclitaxel,CNC,ALK,0.815,Cancer
Vemurafenib,CC(C)O,EGFR,0.631,Cancer
Dasatinib,CCC,EGFR,0.81,Cancer
Bevacizumab,CCCN,VEGFR,0.93,Cancer
Tamoxifen,CCCN,mTOR,0.642,Cancer
Tamoxifen,CCCN,mTOR,0.571,Cancer
Erlotinib,CNC,ALK,0.981,Cancer
Paclitaxel,CCN(CC)CC,BRAF,0.803,Cancer
Sunitinib,CNC,EGFR,0.855,Cancer
Imatinib,CCCN,PD-L1,0.745,Cancer
Nilotinib,CC(C)O,MEK,0.764,Cancer
Paclitaxel,CCOC,PD-L1,0.815,Cancer
Bevacizumab,CCCO,HER2,0.696,Cancer
Trastuzumab,CNC,ALK,0.946,Cancer
Regorafenib,CC(C)O,HER2,0.977,Cancer
Imatinib,CCOC(=O)C,ALK,0.921,Cancer
Vemurafenib,COC,ALK,0.754,Cancer
Trastuzumab,CCOC,ALK,0.832,Cancer
Tamoxifen,CCCN,PI3K,0.798,Cancer
Regorafenib,COC,PD-L1,0.659,Cancer
Tamoxifen,CCN,PI3K,0.752,Cancer
Vemurafenib,CCCO,BRAF,0.732,Cancer
Vemurafenib,CCCO,BRAF,0.809,Cancer
Sorafenib,CCC,mTOR,0.618,Cancer
Sorafenib,C1CCCCC1,MEK,0.713,Cancer
Imatinib,C1CCCCC1,PD-1,0.833,Cancer
Bevacizumab,CNC,MEK,0.618,Cancer
Dasatinib,COC,HER2,0.979,Cancer
Regorafenib,COC,EGFR,0.749,Cancer
Nilotinib,CCOC(=O)C,PD-L1,0.602,Cancer
Lapatinib,CCNCO,PI3K,0.614,Cancer
Paclitaxel,CC(C)CC,HER2,0.836,Cancer
Gefitinib,CNC,ALK,0.935,Cancer
Sorafenib,CCCO,MEK,0.617,Cancer
Paclitaxel,CCCO,EGFR,0.778,Cancer
Sorafenib,CCN(CC)CC,HER2,0.602,Cancer
Tamoxifen,COC,VEGFR,0.564,Cancer
Gefitinib,CCN,HER2,0.66,Cancer
Docetaxel,CNC,EGFR,0.662,Cancer
Bevacizumab,CCO,VEGFR,0.556,Cancer
Paclitaxel,CCOC(=O)C,EGFR,0.856,Cancer
Dasatinib,CC(C)CC,PD-1,0.608,Cancer
Docetaxel,CCC,mTOR,0.938,Cancer
Vemurafenib,CCOC,HER2,0.972,Cancer
Tamoxifen,C1CCCCC1,EGFR,0.551,Cancer
Regorafenib,CCOC(=O)C,PI3K,0.607,Cancer
Tamoxifen,CCOC(=O)C,mTOR,0.725,Cancer
Paclitaxel,CCCO,MEK,0.962,Cancer
Bevacizumab,CCN(CC)CC,PD-L1,0.61,Cancer
Sunitinib,CNC,ALK,0.727,Cancer
Nilotinib,CCN,mTOR,0.594,Cancer
Imatinib,CCCN,EGFR,0.708,Cancer
Vemurafenib,CCCO,PD-1,0.607,Cancer
Sunitinib,CCCO,ALK,0.607,Cancer
Docetaxel,C1CCCCC1,MEK,0.936,Cancer
Imatinib,CC(C)CC,PD-1,0.808,Cancer
Sunitinib,CCO,HER2,0.809,Cancer
Lapatinib,CCCN,mTOR,0.738,Cancer
Trastuzumab,COC,MEK,0.947,Cancer
Vemurafenib,CC(C)O,MEK,0.565,Cancer
Tamoxifen,COC,MEK,0.971,Cancer
Sunitinib,CCNCO,EGFR,0.813,Cancer
Trastuzumab,CCCO,ALK,0.736,Cancer
Lapatinib,CCOC(=O)C,PD-1,0.702,Cancer
Sorafenib,CCN,EGFR,0.749,Cancer
Imatinib,CC(C)CC,BRAF,0.915,Cancer
Regorafenib,CNC,VEGFR,0.746,Cancer
Docetaxel,CCCO,BRAF,0.608,Cancer
Dasatinib,CC(C)O,mTOR,0.933,Cancer
Sunitinib,CCNCO,ALK,0.917,Cancer
Docetaxel,C1CCCCC1,VEGFR,0.825,Cancer
Tamoxifen,CC(C)O,BRAF,0.739,Cancer
Imatinib,CCNC,PI3K,0.757,Cancer
Sorafenib,CCO,MEK,0.943,Cancer
Trastuzumab,CC(C)O,PD-1,0.597,Cancer
Paclitaxel,CCO,EGFR,0.671,Cancer
Dasatinib,COC,PD-L1,0.708,Cancer
Dasatinib,CCN,PI3K,0.634,Cancer
Sorafenib,C1CCCCC1,ALK,0.92,Cancer
Lapatinib,CCO,PD-1,0.68,Cancer
Trastuzumab,CCNCO,mTOR,0.937,Cancer
Regorafenib,CCOC(=O)C,PI3K,0.921,Cancer
Erlotinib,CCN(CC)CC,PD-1,0.678,Cancer
Vemurafenib,CC(C)O,HER2,0.603,Cancer
Dasatinib,CCOC,PD-L1,0.89,Cancer
Lapatinib,COC,BRAF,0.704,Cancer
Gefitinib,CNC,BRAF,0.786,Cancer
Regorafenib,CCO,PD-L1,0.67,Cancer
Dasatinib,CC(C)O,ALK,0.766,Cancer
Dasatinib,COC,HER2,0.604,Cancer
Paclitaxel,CCOC,BRAF,0.751,Cancer
Dasatinib,CCCN,EGFR,0.811,Cancer
Erlotinib,CCNC,PD-1,0.86,Cancer
Tamoxifen,CCNCO,EGFR,0.943,Cancer
Gefitinib,CCN,mTOR,0.849,Cancer
Bevacizumab,CC(C)O,BRAF,0.694,Cancer
Vemurafenib,CCNCO,BRAF,0.634,Cancer
Erlotinib,CCNCO,HER2,0.71,Cancer
Lapatinib,CCO,PD-1,0.886,Cancer
Trastuzumab,CCNCO,PD-L1,0.896,Cancer
Gefitinib,COC,PD-L1,0.73,Cancer
Gefitinib,C1CCCCC1,HER2,0.717,Cancer
Nilotinib,CCN,PD-1,0.89,Cancer
Trastuzumab,CCCN,PI3K,0.861,Cancer
Paclitaxel,CC(C)O,ALK,0.808,Cancer
Imatinib,C1CCCCC1,BRAF,0.645,Cancer
Sorafenib,CCNCO,PD-L1,0.674,Cancer
Gefitinib,CCCO,VEGFR,0.92,Cancer
Sorafenib,CCOC(=O)C,BRAF,0.711,Cancer
Tamoxifen,CCOC,VEGFR,0.789,Cancer
Sorafenib,CC(C)CC,PD-1,0.602,Cancer
Trastuzumab,CCCO,mTOR,0.759,Cancer
Sorafenib,CCNC,HER2,0.981,Cancer
Regorafenib,CCO,HER2,0.759,Cancer
Bevacizumab,CNC,PD-L1,0.81,Cancer
Bevacizumab,CCOC(=O)C,EGFR,0.743,Cancer
Nilotinib,CCN(CC)CC,VEGFR,0.567,Cancer
Erlotinib,CCC,mTOR,0.807,Cancer
Regorafenib,CCN,MEK,0.753,Cancer
Paclitaxel,CNC,PD-L1,0.756,Cancer
Vemurafenib,CCN,PD-1,0.897,Cancer
Erlotinib,CC(C)O,EGFR,0.922,Cancer
Bevacizumab,CCNC,PD-L1,0.983,Cancer
Trastuzumab,C1CCCCC1,VEGFR,0.622,Cancer
Bevacizumab,CC(C)CC,HER2,0.639,Cancer
Paclitaxel,CC(C)CC,BRAF,0.686,Cancer
Bevacizumab,CCCO,BRAF,0.975,Cancer
Nilotinib,CCO,ALK,0.847,Cancer
Sunitinib,COC,EGFR,0.891,Cancer
Imatinib,CCOC(=O)C,VEGFR,0.579,Cancer
Tamoxifen,CC(C)CC,HER2,0.591,Cancer
Trastuzumab,CCC,PI3K,0.678,Cancer
Imatinib,CCOC(=O)C,EGFR,0.559,Cancer
Gefitinib,CCOC(=O)C,EGFR,0.556,Cancer
Imatinib,CCO,BRAF,0.976,Cancer
Trastuzumab,CCCN,EGFR,0.605,Cancer
Lapatinib,CNC,MEK,0.748,Cancer
Docetaxel,CCN,PD-L1,0.87,Cancer
Sorafenib,CCCO,MEK,0.798,Cancer
Sunitinib,CNC,PD-1,0.744,Cancer
Bevacizumab,CCOC(=O)C,HER2,0.798,Cancer
Erlotinib,CCOC,PI3K,0.672,Cancer
Dasatinib,CCN(CC)CC,MEK,0.83,Cancer
Docetaxel,CCOC(=O)C,BRAF,0.693,Cancer
Trastuzumab,CC(C)O,PD-L1,0.744,Cancer
Imatinib,CCCO,HER2,0.688,Cancer
Tamoxifen,CCC,PD-L1,0.647,Cancer
Erlotinib,CNC,EGFR,0.947,Cancer
Vemurafenib,CCO,HER2,0.868,Cancer
Bevacizumab,CCO,mTOR,0.674,Cancer
Sunitinib,CCNC,PD-L1,0.645,Cancer
Regorafenib,CNC,MEK,0.954,Cancer
Bevacizumab,CCOC(=O)C,HER2,0.974,Cancer
Vemurafenib,CCNCO,PI3K,0.878,Cancer
Sorafenib,CC(C)CC,ALK,0.915,Cancer
Tamoxifen,CNC,ALK,0.575,Cancer
Regorafenib,CCN,BRAF,0.955,Cancer
Sorafenib,CCOC,HER2,0.553,Cancer
Paclitaxel,CCOC,EGFR,0.705,Cancer
Regorafenib,C1CCCCC1,VEGFR,0.842,Cancer
Erlotinib,CC(C)O,PD-1,0.875,Cancer
Vemurafenib,COC,VEGFR,0.934,Cancer
Dasatinib,CCN(CC)CC,mTOR,0.679,Cancer
Vemurafenib,CCNC,ALK,0.747,Cancer
Erlotinib,CCOC(=O)C,HER2,0.791,Cancer
Nilotinib,CCCO,mTOR,0.925,Cancer
Lapatinib,CCOC,MEK,0.604,Cancer
Dasatinib,CC(C)O,mTOR,0.713,Cancer
Gefitinib,CCO,ALK,0.96,Cancer
Gefitinib,CCN,PD-L1,0.906,Cancer
Tamoxifen,CCNCO,PD-L1,0.926,Cancer
Regorafenib,COC,EGFR,0.557,Cancer
Lapatinib,CCOC(=O)C,PD-1,0.679,Cancer
Dasatinib,CC(C)CC,EGFR,0.656,Cancer
Dasatinib,COC,BRAF,0.568,Cancer
Gefitinib,CCOC,VEGFR,0.605,Cancer
Paclitaxel,CCNCO,MEK,0.691,Cancer
Sunitinib,CC(C)O,PD-L1,0.884,Cancer
Trastuzumab,CCNCO,ALK,0.908,Cancer
Bevacizumab,CCNC,mTOR,0.757,Cancer
Regorafenib,CCO,PD-L1,0.587,Cancer
Sorafenib,CCO,mTOR,0.607,Cancer
Bevacizumab,CCN,BRAF,0.645,Cancer
Sunitinib,C1CCCCC1,EGFR,0.875,Cancer
Sorafenib,C1CCCCC1,BRAF,0.943,Cancer
Bevacizumab,CC(C)O,BRAF,0.639,Cancer
Nilotinib,CC(C)CC,PI3K,0.799,Cancer
Gefitinib,CC(C)O,PD-1,0.581,Cancer
Lapatinib,CCO,mTOR,0.649,Cancer
Gefitinib,CCOC(=O)C,ALK,0.752,Cancer
Tamoxifen,CNC,PD-L1,0.619,Cancer
Erlotinib,CCNCO,ALK,0.805,Cancer
Paclitaxel,CCNCO,ALK,0.58,Cancer
Sorafenib,CC(C)CC,VEGFR,0.718,Cancer
Docetaxel,CCCN,BRAF,0.904,Cancer
Docetaxel,COC,PI3K,0.72,Cancer
Trastuzumab,CCC,PD-L1,0.721,Cancer
Imatinib,CNC,mTOR,0.659,Cancer
Docetaxel,CNC,EGFR,0.553,Cancer
Tamoxifen,CCNC,MEK,0.881,Cancer
Trastuzumab,CCOC,mTOR,0.583,Cancer
Tamoxifen,C1CCCCC1,HER2,0.977,Cancer
Bevacizumab,COC,HER2,0.693,Cancer
Dasatinib,CCN,MEK,0.898,Cancer
Vemurafenib,CCO,ALK,0.744,Cancer
Trastuzumab,CCN(CC)CC,BRAF,0.862,Cancer
Dasatinib,COC,PD-L1,0.809,Cancer
Lapatinib,CCNC,mTOR,0.726,Cancer
Regorafenib,CC(C)O,BRAF,0.962,Cancer
Gefitinib,CCCN,MEK,0.582,Cancer
Erlotinib,CCCO,mTOR,0.942,Cancer
Docetaxel,CCCN,mTOR,0.962,Cancer
Regorafenib,CCO,MEK,0.609,Cancer
Regorafenib,CCCN,EGFR,0.65,Cancer
Tamoxifen,CCNC,mTOR,0.881,Cancer
Sunitinib,CCOC(=O)C,MEK,0.974,Cancer
Erlotinib,CCNCO,VEGFR,0.899,Cancer
Sunitinib,C1CCCCC1,VEGFR,0.729,Cancer
Vemurafenib,CCOC(=O)C,PD-L1,0.803,Cancer
Erlotinib,CCC,MEK,0.843,Cancer
Dasatinib,CCCO,VEGFR,0.852,Cancer
Bevacizumab,CCOC,ALK,0.618,Cancer
Imatinib,CC(C)CC,ALK,0.87,Cancer
Erlotinib,CNC,PD-1,0.611,Cancer
Lapatinib,CCOC(=O)C,PD-L1,0.71,Cancer
Gefitinib,C1CCCCC1,PD-L1,0.696,Cancer
Lapatinib,CCC,VEGFR,0.563,Cancer
Bevacizumab,CCO,mTOR,0.581,Cancer
Sorafenib,CCCN,MEK,0.782,Cancer
Vemurafenib,CC(C)O,EGFR,0.736,Cancer
Docetaxel,CCN,ALK,0.69,Cancer
Vemurafenib,C1CCCCC1,EGFR,0.686,Cancer
Vemurafenib,CCOC,VEGFR,0.975,Cancer
Erlotinib,CCNC,EGFR,0.883,Cancer
Regorafenib,CCN,PI3K,0.674,Cancer
Imatinib,CCCN,MEK,0.672,Cancer
Regorafenib,CCN,ALK,0.838,Cancer
Gefitinib,CCNC,mTOR,0.623,Cancer
Tamoxifen,CCC,BRAF,0.91,Cancer
Gefitinib,CCN(CC)CC,ALK,0.938,Cancer
Tamoxifen,CCOC(=O)C,mTOR,0.986,Cancer
Tamoxifen,C1CCCCC1,MEK,0.794,Cancer
Sorafenib,CCCN,PD-L1,0.705,Cancer
Paclitaxel,CC(C)CC,PI3K,0.839,Cancer
Sorafenib,CCCN,BRAF,0.889,Cancer
Gefitinib,CCO,PI3K,0.83,Cancer
Dasatinib,CCC,EGFR,0.924,Cancer
Tamoxifen,CCN,PI3K,0.584,Cancer
Lapatinib,CCCN,VEGFR,0.845,Cancer
Nilotinib,CCO,HER2,0.614,Cancer
Vemurafenib,CCNC,PD-1,0.628,Cancer
Erlotinib,CCOC(=O)C,VEGFR,0.828,Cancer
Gefitinib,CCCO,VEGFR,0.7,Cancer
Gefitinib,CC(C)CC,EGFR,0.666,Cancer
Regorafenib,CC(C)CC,VEGFR,0.816,Cancer
Gefitinib,CNC,MEK,0.579,Cancer
Sorafenib,CCNCO,PI3K,0.584,Cancer
Gefitinib,CC(C)CC,BRAF,0.811,Cancer
Nilotinib,CC(C)O,PI3K,0.746,Cancer
Paclitaxel,CNC,EGFR,0.79,Cancer
Erlotinib,C1CCCCC1,EGFR,0.925,Cancer
Erlotinib,CC(C)CC,PD-L1,0.706,Cancer
Sunitinib,CCNC,BRAF,0.7,Cancer
Docetaxel,C1CCCCC1,VEGFR,0.679,Cancer
Sunitinib,CCOC(=O)C,mTOR,0.588,Cancer
Tamoxifen,CCCN,BRAF,0.768,Cancer
Trastuzumab,CC(C)CC,PD-L1,0.689,Cancer
Erlotinib,CCNCO,EGFR,0.869,Cancer
Erlotinib,CC(C)O,HER2,0.975,Cancer
Sunitinib,COC,HER2,0.592,Cancer
Vemurafenib,CNC,BRAF,0.555,Cancer
Bevacizumab,CCC,ALK,0.635,Cancer
Trastuzumab,COC,mTOR,0.721,Cancer
Bevacizumab,CCOC,HER2,0.884,Cancer
Vemurafenib,CCCO,BRAF,0.877,Cancer
Lapatinib,CC(C)O,mTOR,0.836,Cancer
Regorafenib,CCNCO,HER2,0.661,Cancer
Docetaxel,CCNCO,PD-L1,0.742,Cancer
Imatinib,C1CCCCC1,mTOR,0.74,Cancer
Sorafenib,CCCO,ALK,0.759,Cancer
Imatinib,CCN,VEGFR,0.555,Cancer
Erlotinib,C1CCCCC1,PD-L1,0.552,Cancer
Nilotinib,CCC,VEGFR,0.893,Cancer
Trastuzumab,COC,HER2,0.842,Cancer
Docetaxel,CC(C)O,EGFR,0.551,Cancer
Trastuzumab,CCC,ALK,0.894,Cancer
Bevacizumab,CC(C)O,BRAF,0.949,Cancer
Tamoxifen,CCOC,BRAF,0.825,Cancer
Sunitinib,CCN,PI3K,0.796,Cancer
Gefitinib,CCO,ALK,0.585,Cancer
Sunitinib,CC(C)CC,BRAF,0.898,Cancer
Sunitinib,CCNC,MEK,0.674,Cancer
Paclitaxel,CC(C)O,mTOR,0.646,Cancer
Regorafenib,CCOC,mTOR,0.752,Cancer
Docetaxel,C1CCCCC1,PD-1,0.901,Cancer
Erlotinib,CCNCO,PD-L1,0.623,Cancer
Imatinib,CCN,ALK,0.884,Cancer
Paclitaxel,CCN(CC)CC,HER2,0.806,Cancer
Nilotinib,CC(C)CC,ALK,0.625,Cancer
Docetaxel,CCO,ALK,0.741,Cancer
Sorafenib,CC(C)CC,EGFR,0.764,Cancer
Trastuzumab,C1CCCCC1,EGFR,0.803,Cancer
Dasatinib,CCN(CC)CC,EGFR,0.612,Cancer
Erlotinib,CC(C)O,ALK,0.796,Cancer
Nilotinib,C1CCCCC1,PD-L1,0.649,Cancer
Sunitinib,C1CCCCC1,mTOR,0.81,Cancer
Regorafenib,CCN,PD-L1,0.935,Cancer
Tamoxifen,COC,mTOR,0.798,Cancer
Regorafenib,CCNCO,PD-1,0.691,Cancer
Sorafenib,CCCN,PD-L1,0.569,Cancer
Trastuzumab,CCN,HER2,0.717,Cancer
Dasatinib,CCNC,MEK,0.563,Cancer
Nilotinib,CCCO,PI3K,0.812,Cancer
Regorafenib,CCOC(=O)C,mTOR,0.95,Cancer
Dasatinib,CC(C)CC,MEK,0.835,Cancer
Docetaxel,CCCO,EGFR,0.737,Cancer
Tamoxifen,CCN(CC)CC,VEGFR,0.861,Cancer
Trastuzumab,CCCN,ALK,0.741,Cancer
Bevacizumab,CCO,MEK,0.932,Cancer
Lapatinib,COC,BRAF,0.979,Cancer
Gefitinib,CCCN,PI3K,0.981,Cancer
Tamoxifen,CNC,PD-L1,0.711,Cancer
Regorafenib,COC,HER2,0.637,Cancer
Paclitaxel,COC,VEGFR,0.906,Cancer
Imatinib,CCC,BRAF,0.765,Cancer
Trastuzumab,CCOC,EGFR,0.619,Cancer
Lapatinib,COC,ALK,0.67,Cancer
Erlotinib,CCCN,mTOR,0.816,Cancer
Docetaxel,CNC,MEK,0.879,Cancer
Vemurafenib,C1CCCCC1,BRAF,0.676,Cancer
Vemurafenib,CCCN,PD-L1,0.595,Cancer
Regorafenib,CCNCO,PD-L1,0.96,Cancer
Trastuzumab,CCN(CC)CC,BRAF,0.685,Cancer
Tamoxifen,CCC,HER2,0.813,Cancer
Bevacizumab,CCN(CC)CC,HER2,0.612,Cancer
Paclitaxel,COC,VEGFR,0.697,Cancer
Sunitinib,COC,mTOR,0.749,Cancer
Imatinib,CCCO,PD-1,0.69,Cancer
Sorafenib,CCCO,VEGFR,0.561,Cancer
Regorafenib,CCNC,PD-L1,0.833,Cancer
Sunitinib,CCNCO,PD-1,0.911,Cancer
Imatinib,CCC,MEK,0.938,Cancer
Trastuzumab,CCNCO,PD-1,0.982,Cancer
Gefitinib,CCN,ALK,0.648,Cancer
Tamoxifen,CCCN,HER2,0.801,Cancer
Nilotinib,COC,ALK,0.568,Cancer
Erlotinib,CCCO,BRAF,0.552,Cancer
Imatinib,C1CCCCC1,PD-1,0.813,Cancer
Regorafenib,CNC,EGFR,0.563,Cancer
Vemurafenib,CCCO,PD-1,0.609,Cancer
Vemurafenib,CCOC,PD-1,0.782,Cancer
Regorafenib,CCOC(=O)C,MEK,0.602,Cancer
Regorafenib,CCO,HER2,0.772,Cancer
Tamoxifen,C1CCCCC1,PD-L1,0.971,Cancer
Dasatinib,CCOC,HER2,0.89,Cancer
Trastuzumab,CC(C)O,BRAF,0.909,Cancer
Regorafenib,CNC,ALK,0.637,Cancer
Bevacizumab,CCC,BRAF,0.861,Cancer
Docetaxel,CCN(CC)CC,PD-1,0.692,Cancer
Bevacizumab,CC(C)O,mTOR,0.893,Cancer
Vemurafenib,CCCN,ALK,0.637,Cancer
Bevacizumab,CCCN,EGFR,0.821,Cancer
Imatinib,C1CCCCC1,EGFR,0.705,Cancer
Imatinib,CCC,BRAF,0.631,Cancer
Lapatinib,CCOC,PD-1,0.71,Cancer
Imatinib,CCN,mTOR,0.931,Cancer
Gefitinib,CCCO,HER2,0.953,Cancer
Paclitaxel,C1CCCCC1,mTOR,0.7,Cancer
Tamoxifen,CCOC(=O)C,HER2,0.862,Cancer
Gefitinib,CCC,BRAF,0.696,Cancer
Sorafenib,COC,VEGFR,0.781,Cancer
Gefitinib,CCCO,PD-1,0.765,Cancer
Gefitinib,CC(C)O,PD-L1,0.929,Cancer
Bevacizumab,CCN(CC)CC,MEK,0.84,Cancer
Vemurafenib,CC(C)CC,EGFR,0.843,Cancer
Dasatinib,CNC,mTOR,0.71,Cancer
Dasatinib,CCOC(=O)C,HER2,0.809,Cancer
Trastuzumab,CCC,PD-L1,0.574,Cancer
Tamoxifen,C1CCCCC1,EGFR,0.928,Cancer
Imatinib,CNC,BRAF,0.786,Cancer
Vemurafenib,CC(C)O,BRAF,0.792,Cancer
Regorafenib,CCNCO,HER2,0.664,Cancer
Paclitaxel,CCOC(=O)C,PD-L1,0.617,Cancer
Erlotinib,C1CCCCC1,MEK,0.636,Cancer
Sorafenib,C1CCCCC1,HER2,0.888,Cancer
Sorafenib,CCN,mTOR,0.643,Cancer
Paclitaxel,CNC,mTOR,0.64,Cancer
Docetaxel,CCOC,VEGFR,0.632,Cancer
Docetaxel,CCOC,mTOR,0.904,Cancer
Trastuzumab,CCO,EGFR,0.816,Cancer
Paclitaxel,CCN(CC)CC,HER2,0.761,Cancer
Imatinib,CCN,MEK,0.686,Cancer
Paclitaxel,CCCO,ALK,0.861,Cancer
Regorafenib,CCN,BRAF,0.643,Cancer
Regorafenib,CCN,BRAF,0.889,Cancer
Nilotinib,CCOC(=O)C,mTOR,0.899,Cancer
Bevacizumab,CCN(CC)CC,PD-L1,0.79,Cancer
Dasatinib,CCC,PD-L1,0.687,Cancer
Paclitaxel,CCCN,PI3K,0.667,Cancer
Erlotinib,CCC,EGFR,0.662,Cancer
Bevacizumab,CCNCO,EGFR,0.961,Cancer
Sorafenib,C1CCCCC1,PD-1,0.715,Cancer
Imatinib,CCN,PD-1,0.551,Cancer
Vemurafenib,CCOC(=O)C,MEK,0.84,Cancer
Trastuzumab,CCOC(=O)C,BRAF,0.606,Cancer
Gefitinib,COC,HER2,0.939,Cancer
Docetaxel,CCCN,ALK,0.771,Cancer
Lapatinib,CC(C)CC,mTOR,0.73,Cancer
Tamoxifen,CCN(CC)CC,HER2,0.821,Cancer
Vemurafenib,C1CCCCC1,PD-1,0.842,Cancer
Lapatinib,CCCN,PD-L1,0.977,Cancer
Nilotinib,CCO,mTOR,0.783,Cancer
Paclitaxel,COC,BRAF,0.61,Cancer
Bevacizumab,CC(C)O,HER2,0.875,Cancer
Vemurafenib,CCCN,VEGFR,0.741,Cancer
Gefitinib,CCOC,MEK,0.966,Cancer
Paclitaxel,CNC,EGFR,0.853,Cancer
Trastuzumab,CCN,mTOR,0.867,Cancer
Trastuzumab,CCN(CC)CC,EGFR,0.794,Cancer
Gefitinib,CCC,EGFR,0.983,Cancer
Tamoxifen,CCCN,HER2,0.721,Cancer
Lapatinib,CCOC,ALK,0.778,Cancer
Bevacizumab,CCO,MEK,0.619,Cancer
Tamoxifen,CCOC,PI3K,0.569,Cancer
Imatinib,CCOC,ALK,0.669,Cancer
Tamoxifen,C1CCCCC1,VEGFR,0.849,Cancer
Regorafenib,CCCO,ALK,0.586,Cancer
Regorafenib,CCN(CC)CC,ALK,0.716,Cancer
Bevacizumab,CCC,VEGFR,0.661,Cancer
Docetaxel,CC(C)O,EGFR,0.837,Cancer
Sunitinib,CCN,BRAF,0.83,Cancer
Sorafenib,CCN(CC)CC,HER2,0.711,Cancer
Bevacizumab,CC(C)O,PD-1,0.803,Cancer
Imatinib,C1CCCCC1,VEGFR,0.615,Cancer
Sunitinib,CCO,MEK,0.787,Cancer
Lapatinib,COC,ALK,0.943,Cancer
Dasatinib,CC(C)CC,EGFR,0.677,Cancer
Gefitinib,CCOC,mTOR,0.853,Cancer
Sorafenib,CCCN,mTOR,0.735,Cancer
Paclitaxel,CC(C)CC,PI3K,0.958,Cancer
Erlotinib,CCOC(=O)C,mTOR,0.779,Cancer
Imatinib,CCNCO,HER2,0.931,Cancer
Sorafenib,CCCO,PD-L1,0.618,Cancer
Nilotinib,CC(C)O,PD-1,0.64,Cancer
Docetaxel,CC(C)CC,MEK,0.76,Cancer
Gefitinib,CCCN,PD-L1,0.825,Cancer
Tamoxifen,CCCO,PI3K,0.682,Cancer
Paclitaxel,CCCN,HER2,0.865,Cancer
Sorafenib,CCCN,PI3K,0.925,Cancer
Gefitinib,CCC,PI3K,0.813,Cancer
Lapatinib,CCNCO,BRAF,0.958,Cancer
Sorafenib,CC(C)CC,MEK,0.639,Cancer
Sorafenib,CC(C)O,EGFR,0.619,Cancer
Docetaxel,CNC,HER2,0.829,Cancer
Gefitinib,CCCN,PI3K,0.976,Cancer
Regorafenib,CCN,BRAF,0.666,Cancer
Dasatinib,CCOC(=O)C,PD-L1,0.871,Cancer
Sorafenib,CCN(CC)CC,mTOR,0.924,Cancer
Imatinib,CCNCO,PI3K,0.622,Cancer
Trastuzumab,COC,PD-L1,0.68,Cancer
Gefitinib,COC,MEK,0.953,Cancer
Sunitinib,CC(C)O,PD-L1,0.7,Cancer
Regorafenib,CC(C)O,PD-1,0.751,Cancer
Bevacizumab,CCOC,ALK,0.652,Cancer
Nilotinib,CCOC,mTOR,0.929,Cancer
Vemurafenib,CCCO,EGFR,0.57,Cancer
Imatinib,CCO,HER2,0.955,Cancer
Nilotinib,CCN(CC)CC,BRAF,0.812,Cancer
Bevacizumab,CCOC,PI3K,0.756,Cancer
Regorafenib,CCNC,ALK,0.595,Cancer
Vemurafenib,CCN,HER2,0.758,Cancer
Gefitinib,COC,VEGFR,0.733,Cancer
Dasatinib,CCN,HER2,0.869,Cancer
Paclitaxel,CCOC,BRAF,0.63,Cancer
Regorafenib,CCNCO,BRAF,0.717,Cancer
Tamoxifen,CCN(CC)CC,PD-1,0.894,Cancer
Sunitinib,CC(C)O,PD-L1,0.951,Cancer
Gefitinib,C1CCCCC1,MEK,0.622,Cancer
Tamoxifen,CCOC,EGFR,0.795,Cancer
Nilotinib,CCCN,PD-1,0.955,Cancer
Erlotinib,C1CCCCC1,PI3K,0.785,Cancer
Gefitinib,CCNCO,BRAF,0.836,Cancer
Bevacizumab,CC(C)CC,ALK,0.801,Cancer
Docetaxel,CCNCO,mTOR,0.982,Cancer
Bevacizumab,CCO,MEK,0.838,Cancer
Erlotinib,CC(C)O,VEGFR,0.701,Cancer
Sorafenib,CCN,ALK,0.891,Cancer
Erlotinib,CNC,EGFR,0.963,Cancer
Tamoxifen,C1CCCCC1,PI3K,0.639,Cancer
Docetaxel,C1CCCCC1,PD-1,0.64,Cancer
Gefitinib,CCO,PD-L1,0.934,Cancer
Erlotinib,CCNCO,EGFR,0.567,Cancer
Gefitinib,CC(C)O,PD-1,0.876,Cancer
Regorafenib,CCN(CC)CC,ALK,0.851,Cancer
Paclitaxel,CCOC(=O)C,BRAF,0.774,Cancer
Gefitinib,CCC,PD-L1,0.837,Cancer
Lapatinib,CCN(CC)CC,EGFR,0.879,Cancer
Gefitinib,COC,PD-1,0.87,Cancer
Docetaxel,CC(C)O,PD-L1,0.623,Cancer
Paclitaxel,CNC,EGFR,0.946,Cancer
Erlotinib,CC(C)CC,VEGFR,0.924,Cancer
Tamoxifen,CCNCO,HER2,0.617,Cancer
Sunitinib,CCN(CC)CC,mTOR,0.91,Cancer
Docetaxel,CCNC,PD-1,0.92,Cancer
Sunitinib,CCN(CC)CC,BRAF,0.777,Cancer
Docetaxel,CNC,EGFR,0.906,Cancer
Imatinib,CCCN,mTOR,0.642,Cancer
Regorafenib,CCNC,HER2,0.708,Cancer
Sorafenib,CCNC,PI3K,0.709,Cancer
Erlotinib,CCOC(=O)C,BRAF,0.938,Cancer
Tamoxifen,COC,MEK,0.763,Cancer
Vemurafenib,CC(C)O,HER2,0.561,Cancer
Tamoxifen,CCC,EGFR,0.676,Cancer
Dasatinib,CCC,MEK,0.689,Cancer
Gefitinib,CCC,PD-L1,0.915,Cancer
Dasatinib,CCOC,ALK,0.879,Cancer
Vemurafenib,CNC,BRAF,0.66,Cancer
Nilotinib,CCNCO,BRAF,0.615,Cancer
Lapatinib,CCNC,VEGFR,0.981,Cancer
Paclitaxel,COC,mTOR,0.725,Cancer
Gefitinib,CCC,EGFR,0.742,Cancer
Tamoxifen,CCOC,HER2,0.966,Cancer
Nilotinib,CCNCO,BRAF,0.57,Cancer
Bevacizumab,CC(C)O,EGFR,0.588,Cancer
Dasatinib,CCO,PD-1,0.978,Cancer
Regorafenib,CCC,PD-L1,0.975,Cancer
Bevacizumab,CCO,PD-L1,0.551,Cancer
Tamoxifen,C1CCCCC1,HER2,0.989,Cancer
Erlotinib,CCOC(=O)C,BRAF,0.764,Cancer
Dasatinib,CC(C)CC,mTOR,0.599,Cancer
Tamoxifen,C1CCCCC1,PI3K,0.934,Cancer
Paclitaxel,CC(C)CC,HER2,0.763,Cancer
Vemurafenib,C1CCCCC1,PD-1,0.662,Cancer
Paclitaxel,CCCN,MEK,0.645,Cancer
Trastuzumab,CCOC,mTOR,0.917,Cancer
Nilotinib,CCN,mTOR,0.715,Cancer
Regorafenib,CC(C)CC,PI3K,0.806,Cancer
Paclitaxel,CCNC,BRAF,0.888,Cancer
Vemurafenib,CCOC(=O)C,VEGFR,0.655,Cancer
Imatinib,CCNC,mTOR,0.59,Cancer
Vemurafenib,COC,PD-1,0.633,Cancer
Sunitinib,CCNCO,PI3K,0.963,Cancer
Sorafenib,CCO,PI3K,0.612,Cancer
Regorafenib,CCNC,EGFR,0.618,Cancer
Gefitinib,CC(C)CC,BRAF,0.691,Cancer
Regorafenib,CCCN,ALK,0.798,Cancer
Sorafenib,CCO,HER2,0.912,Cancer
Trastuzumab,CCCO,VEGFR,0.807,Cancer
Docetaxel,CCOC(=O)C,MEK,0.62,Cancer
Trastuzumab,COC,PD-1,0.683,Cancer
Bevacizumab,CCNC,EGFR,0.986,Cancer
Vemurafenib,CCN,EGFR,0.768,Cancer
Vemurafenib,CCOC,BRAF,0.78,Cancer
Trastuzumab,COC,MEK,0.902,Cancer
Dasatinib,CCOC,PD-L1,0.921,Cancer
Sunitinib,CCOC(=O)C,MEK,0.813,Cancer
Docetaxel,CCC,HER2,0.957,Cancer
Bevacizumab,CC(C)O,ALK,0.767,Cancer
Erlotinib,CCNC,MEK,0.695,Cancer
Nilotinib,CC(C)O,PD-1,0.776,Cancer
Trastuzumab,CC(C)CC,BRAF,0.749,Cancer
Imatinib,CCC,PD-1,0.715,Cancer
Paclitaxel,CCOC(=O)C,PI3K,0.878,Cancer
Imatinib,CCC,BRAF,0.932,Cancer
Imatinib,CNC,VEGFR,0.819,Cancer
Vemurafenib,COC,PD-L1,0.813,Cancer
Vemurafenib,CC(C)CC,ALK,0.956,Cancer
Docetaxel,CNC,VEGFR,0.644,Cancer
Docetaxel,CCNC,MEK,0.636,Cancer
Tamoxifen,CC(C)CC,VEGFR,0.673,Cancer
Paclitaxel,CCOC(=O)C,PD-1,0.628,Cancer
Nilotinib,CCNCO,VEGFR,0.867,Cancer
Erlotinib,CCCO,MEK,0.551,Cancer
Paclitaxel,CCOC,PD-L1,0.75,Cancer
Erlotinib,CCNCO,BRAF,0.565,Cancer
Sorafenib,CC(C)CC,PD-1,0.95,Cancer
Docetaxel,CCOC(=O)C,VEGFR,0.929,Cancer
Lapatinib,CCN,PD-L1,0.761,Cancer
Paclitaxel,CCC,BRAF,0.842,Cancer
Vemurafenib,COC,PD-L1,0.979,Cancer
Paclitaxel,COC,PD-L1,0.576,Cancer
Vemurafenib,CCNC,ALK,0.877,Cancer
Docetaxel,C1CCCCC1,BRAF,0.843,Cancer
Imatinib,CCOC,ALK,0.916,Cancer
Bevacizumab,CCCN,ALK,0.782,Cancer
Sorafenib,CC(C)CC,BRAF,0.925,Cancer
Bevacizumab,CCO,HER2,0.833,Cancer
Regorafenib,CCN,BRAF,0.673,Cancer
Bevacizumab,CCCN,MEK,0.989,Cancer
Vemurafenib,CCCO,PD-1,0.56,Cancer
Regorafenib,C1CCCCC1,VEGFR,0.697,Cancer
Docetaxel,CCOC,EGFR,0.627,Cancer
Sorafenib,COC,ALK,0.674,Cancer
Imatinib,CCNCO,BRAF,0.76,Cancer
Bevacizumab,CNC,VEGFR,0.552,Cancer
Docetaxel,CC(C)CC,mTOR,0.585,Cancer
Tamoxifen,CC(C)CC,ALK,0.664,Cancer
Gefitinib,CCN(CC)CC,PD-1,0.916,Cancer
Docetaxel,CCNCO,ALK,0.908,Cancer
Dasatinib,CNC,PD-1,0.925,Cancer
Regorafenib,CCN(CC)CC,MEK,0.554,Cancer
Gefitinib,CCC,BRAF,0.979,Cancer
Imatinib,C1CCCCC1,PD-1,0.92,Cancer
Sunitinib,CCNCO,HER2,0.636,Cancer
Imatinib,CCCN,mTOR,0.779,Cancer
Dasatinib,CCOC,mTOR,0.892,Cancer
Bevacizumab,COC,MEK,0.873,Cancer
Lapatinib,CC(C)O,EGFR,0.551,Cancer
Dasatinib,CCNC,PD-L1,0.873,Cancer
Regorafenib,CCNCO,PD-L1,0.589,Cancer
Imatinib,CNC,mTOR,0.946,Cancer
Gefitinib,CCO,VEGFR,0.705,Cancer
Imatinib,CCOC,EGFR,0.8,Cancer
Tamoxifen,CCN,VEGFR,0.935,Cancer
Imatinib,C1CCCCC1,PD-L1,0.707,Cancer
Nilotinib,CCCO,PD-1,0.705,Cancer
Erlotinib,CC(C)O,PD-L1,0.809,Cancer
Dasatinib,COC,EGFR,0.989,Cancer
Gefitinib,C1CCCCC1,ALK,0.894,Cancer
Trastuzumab,CCOC,PI3K,0.797,Cancer
Bevacizumab,CCCN,HER2,0.756,Cancer
Lapatinib,CC(C)CC,PI3K,0.884,Cancer
Erlotinib,CCOC(=O)C,HER2,0.921,Cancer
Docetaxel,COC,EGFR,0.581,Cancer
Bevacizumab,CNC,VEGFR,0.853,Cancer
Tamoxifen,CCOC(=O)C,PD-L1,0.76,Cancer
Erlotinib,CCOC,mTOR,0.967,Cancer
Erlotinib,CCCN,EGFR,0.826,Cancer
Erlotinib,COC,mTOR,0.969,Cancer
Vemurafenib,CCNC,VEGFR,0.803,Cancer
Bevacizumab,C1CCCCC1,HER2,0.758,Cancer
Paclitaxel,CCNCO,PD-1,0.679,Cancer
Regorafenib,CCC,mTOR,0.71,Cancer
Lapatinib,CCNC,ALK,0.93,Cancer
Imatinib,CCC,BRAF,0.951,Cancer
Regorafenib,CNC,BRAF,0.967,Cancer
Imatinib,CC(C)O,mTOR,0.551,Cancer
Regorafenib,CCOC,VEGFR,0.651,Cancer
Erlotinib,C1CCCCC1,EGFR,0.781,Cancer
Tamoxifen,CCOC,mTOR,0.57,Cancer
Bevacizumab,C1CCCCC1,EGFR,0.565,Cancer
Regorafenib,CCN(CC)CC,PI3K,0.819,Cancer
Sorafenib,CC(C)O,PI3K,0.618,Cancer
Tamoxifen,C1CCCCC1,ALK,0.914,Cancer
Lapatinib,CCN(CC)CC,EGFR,0.624,Cancer
Imatinib,CCNC,PD-L1,0.742,Cancer
Docetaxel,CC(C)O,mTOR,0.904,Cancer
Sunitinib,CCCN,PI3K,0.894,Cancer
Bevacizumab,COC,mTOR,0.86,Cancer
Tamoxifen,CCCN,EGFR,0.714,Cancer
Regorafenib,CCOC,ALK,0.59,Cancer
Lapatinib,CCO,MEK,0.669,Cancer
Sunitinib,CCO,HER2,0.907,Cancer
Gefitinib,CCN,MEK,0.661,Cancer
Sorafenib,CCN,BRAF,0.636,Cancer
Trastuzumab,CCOC(=O)C,PI3K,0.829,Cancer
Docetaxel,CCN(CC)CC,ALK,0.978,Cancer
Vemurafenib,CNC,mTOR,0.7,Cancer
Bevacizumab,CCNCO,PD-1,0.987,Cancer
Paclitaxel,COC,MEK,0.728,Cancer
Regorafenib,CCOC,PI3K,0.831,Cancer
Nilotinib,CNC,EGFR,0.914,Cancer
Lapatinib,CCOC(=O)C,BRAF,0.946,Cancer
Sunitinib,CC(C)CC,mTOR,0.893,Cancer
Vemurafenib,C1CCCCC1,PD-L1,0.907,Cancer
Trastuzumab,CCOC(=O)C,PD-1,0.638,Cancer
Vemurafenib,COC,ALK,0.737,Cancer
Paclitaxel,CCN(CC)CC,ALK,0.851,Cancer
Bevacizumab,COC,PI3K,0.788,Cancer
Gefitinib,CCN,PD-L1,0.651,Cancer
Lapatinib,CC(C)O,VEGFR,0.584,Cancer
Imatinib,CC(C)CC,HER2,0.694,Cancer
Erlotinib,CC(C)O,MEK,0.558,Cancer
Lapatinib,CCCN,PD-L1,0.628,Cancer
Vemurafenib,CCNCO,ALK,0.568,Cancer
Vemurafenib,COC,mTOR,0.603,Cancer
Tamoxifen,CC(C)CC,PD-L1,0.794,Cancer
Docetaxel,CCNC,MEK,0.585,Cancer
Bevacizumab,CCOC(=O)C,MEK,0.834,Cancer
Erlotinib,CCC,EGFR,0.771,Cancer
Trastuzumab,CC(C)O,VEGFR,0.775,Cancer
Docetaxel,CCNC,PD-1,0.751,Cancer
Paclitaxel,CC(C)CC,BRAF,0.867,Cancer
Nilotinib,CC(C)CC,ALK,0.714,Cancer
Dasatinib,CCOC(=O)C,EGFR,0.963,Cancer
Trastuzumab,CCN,HER2,0.809,Cancer
Regorafenib,CC(C)CC,BRAF,0.872,Cancer
Imatinib,CCNC,PD-1,0.909,Cancer
Sunitinib,CCNC,ALK,0.766,Cancer
Sorafenib,CCOC(=O)C,PD-L1,0.926,Cancer
Imatinib,C1CCCCC1,PI3K,0.555,Cancer
Vemurafenib,CC(C)CC,EGFR,0.675,Cancer
Dasatinib,CC(C)CC,mTOR,0.807,Cancer
Sorafenib,C1CCCCC1,PD-L1,0.897,Cancer
Vemurafenib,CNC,EGFR,0.923,Cancer
Bevacizumab,CCOC(=O)C,PD-1,0.733,Cancer
Regorafenib,CC(C)O,ALK,0.971,Cancer
Sorafenib,CC(C)CC,HER2,0.607,Cancer
Erlotinib,COC,BRAF,0.569,Cancer
Erlotinib,C1CCCCC1,EGFR,0.867,Cancer
Tamoxifen,CCOC,MEK,0.559,Cancer
Docetaxel,CCCN,EGFR,0.892,Cancer
Erlotinib,COC,HER2,0.717,Cancer
Tamoxifen,CC(C)CC,HER2,0.901,Cancer
Imatinib,CCCN,VEGFR,0.672,Cancer
Bevacizumab,CCCN,ALK,0.936,Cancer
Paclitaxel,CCNC,MEK,0.944,Cancer
Lapatinib,CCC,HER2,0.909,Cancer
Trastuzumab,CCNC,ALK,0.86,Cancer
Sorafenib,CCOC(=O)C,MEK,0.796,Cancer
Trastuzumab,CCOC(=O)C,HER2,0.603,Cancer
Tamoxifen,CCN(CC)CC,EGFR,0.602,Cancer
Imatinib,CC(C)O,mTOR,0.898,Cancer
Tamoxifen,CCOC(=O)C,MEK,0.877,Cancer
Paclitaxel,CNC,PD-L1,0.787,Cancer
Paclitaxel,CC(C)O,PI3K,0.871,Cancer
Regorafenib,CCOC(=O)C,mTOR,0.636,Cancer
Gefitinib,CCNC,VEGFR,0.782,Cancer
Lapatinib,CCN,HER2,0.963,Cancer
Regorafenib,CC(C)O,PD-1,0.795,Cancer
Paclitaxel,CCN,BRAF,0.937,Cancer
Bevacizumab,CNC,PI3K,0.896,Cancer
Paclitaxel,CC(C)CC,BRAF,0.919,Cancer
Docetaxel,CC(C)O,EGFR,0.628,Cancer
Lapatinib,CNC,mTOR,0.932,Cancer
Erlotinib,CNC,EGFR,0.841,Cancer
Vemurafenib,COC,MEK,0.789,Cancer
Tamoxifen,C1CCCCC1,mTOR,0.767,Cancer
Lapatinib,CCNC,BRAF,0.853,Cancer
Vemurafenib,CCNCO,PD-L1,0.828,Cancer
Dasatinib,CCOC(=O)C,EGFR,0.778,Cancer
Regorafenib,CCCO,HER2,0.691,Cancer
Sunitinib,CCN(CC)CC,BRAF,0.796,Cancer
Gefitinib,C1CCCCC1,VEGFR,0.731,Cancer
Docetaxel,COC,EGFR,0.729,Cancer
Lapatinib,CCN,EGFR,0.946,Cancer
Gefitinib,CCNCO,PD-L1,0.78,Cancer
Bevacizumab,CCCO,PD-L1,0.724,Cancer
Vemurafenib,COC,BRAF,0.812,Cancer
Lapatinib,CCNC,PD-1,0.727,Cancer
Paclitaxel,CCNCO,VEGFR,0.92,Cancer
Sunitinib,CCOC(=O)C,PD-L1,0.639,Cancer
Docetaxel,CCN,EGFR,0.725,Cancer
Trastuzumab,CCC,HER2,0.666,Cancer
Gefitinib,C1CCCCC1,MEK,0.557,Cancer
Regorafenib,CCCO,PD-L1,0.783,Cancer
Sorafenib,COC,HER2,0.684,Cancer
Regorafenib,CCOC(=O)C,ALK,0.962,Cancer
Trastuzumab,CCC,VEGFR,0.908,Cancer
Gefitinib,CCO,PD-L1,0.968,Cancer
Gefitinib,CC(C)O,PD-1,0.944,Cancer
Imatinib,CCNC,MEK,0.856,Cancer
Tamoxifen,CCNC,PD-L1,0.913,Cancer
Erlotinib,COC,ALK,0.935,Cancer
Dasatinib,COC,mTOR,0.619,Cancer
Nilotinib,CCC,BRAF,0.876,Cancer
Sunitinib,CCCO,PI3K,0.802,Cancer
Trastuzumab,CCCO,PD-L1,0.651,Cancer
Sunitinib,CC(C)O,EGFR,0.897,Cancer
Bevacizumab,CCN(CC)CC,BRAF,0.784,Cancer
Nilotinib,CCN,ALK,0.936,Cancer
Sorafenib,CCNCO,EGFR,0.637,Cancer
Trastuzumab,CCOC(=O)C,PI3K,0.818,Cancer
Bevacizumab,CCC,PI3K,0.575,Cancer
Vemurafenib,CCOC,VEGFR,0.595,Cancer
Erlotinib,COC,VEGFR,0.575,Cancer
Nilotinib,CNC,MEK,0.962,Cancer
Sunitinib,COC,ALK,0.721,Cancer
Erlotinib,CC(C)O,HER2,0.904,Cancer
Erlotinib,CC(C)O,EGFR,0.815,Cancer
Imatinib,CCOC(=O)C,HER2,0.795,Cancer
Vemurafenib,CC(C)O,MEK,0.634,Cancer
Gefitinib,CC(C)CC,EGFR,0.947,Cancer
Dasatinib,CCOC(=O)C,PI3K,0.924,Cancer
Tamoxifen,CCCO,EGFR,0.6,Cancer
Tamoxifen,CCCN,PD-L1,0.599,Cancer
Nilotinib,CCOC(=O)C,MEK,0.943,Cancer
Sunitinib,CCC,VEGFR,0.611,Cancer
Nilotinib,CCO,PD-L1,0.57,Cancer
Docetaxel,CCN(CC)CC,HER2,0.651,Cancer
Bevacizumab,CC(C)O,MEK,0.777,Cancer
Lapatinib,CCO,MEK,0.613,Cancer
Regorafenib,CCO,VEGFR,0.62,Cancer
Sorafenib,CNC,EGFR,0.906,Cancer
Regorafenib,CCCN,mTOR,0.868,Cancer
Dasatinib,CCNC,HER2,0.687,Cancer
Sorafenib,CCCO,PI3K,0.588,Cancer
Paclitaxel,CC(C)CC,PD-L1,0.791,Cancer
Paclitaxel,CCNCO,BRAF,0.672,Cancer
Bevacizumab,CCOC(=O)C,BRAF,0.567,Cancer
Vemurafenib,CCCO,PD-1,0.711,Cancer
Nilotinib,CCC,VEGFR,0.648,Cancer
Vemurafenib,CCN,HER2,0.649,Cancer
Sorafenib,CCNC,VEGFR,0.829,Cancer
Trastuzumab,CNC,PD-1,0.879,Cancer
Docetaxel,CCCO,EGFR,0.873,Cancer
Dasatinib,CCCN,EGFR,0.595,Cancer
Paclitaxel,CCO,PI3K,0.919,Cancer
Paclitaxel,CCOC,HER2,0.652,Cancer
Vemurafenib,CCN,EGFR,0.637,Cancer
Dasatinib,CCO,VEGFR,0.711,Cancer
Paclitaxel,CCOC(=O)C,mTOR,0.891,Cancer
Sunitinib,CNC,HER2,0.6,Cancer
Regorafenib,CCN(CC)CC,HER2,0.7,Cancer
Regorafenib,CNC,VEGFR,0.774,Cancer
Regorafenib,CCCO,BRAF,0.676,Cancer
Regorafenib,CNC,MEK,0.79,Cancer
Sorafenib,CC(C)O,VEGFR,0.687,Cancer
Gefitinib,CCNC,ALK,0.854,Cancer
Tamoxifen,CNC,PD-L1,0.752,Cancer
Sunitinib,CC(C)O,PD-L1,0.736,Cancer
Imatinib,CNC,PD-L1,0.949,Cancer
Sorafenib,CCO,PI3K,0.781,Cancer
Sunitinib,CCNC,HER2,0.928,Cancer
Nilotinib,CCN,PI3K,0.596,Cancer
Dasatinib,CCO,BRAF,0.862,Cancer
Paclitaxel,CC(C)O,BRAF,0.742,Cancer
Tamoxifen,CNC,PD-L1,0.702,Cancer
Nilotinib,CCC,mTOR,0.85,Cancer
Trastuzumab,C1CCCCC1,VEGFR,0.677,Cancer
Sunitinib,CCN(CC)CC,VEGFR,0.782,Cancer
Paclitaxel,CCC,mTOR,0.785,Cancer
Dasatinib,CCC,BRAF,0.661,Cancer
Vemurafenib,COC,PI3K,0.862,Cancer
Lapatinib,CCN,VEGFR,0.769,Cancer
Lapatinib,CCN(CC)CC,MEK,0.752,Cancer
Bevacizumab,CCN(CC)CC,PD-L1,0.648,Cancer
Imatinib,CC(C)O,HER2,0.698,Cancer
Paclitaxel,CC(C)CC,MEK,0.553,Cancer
Paclitaxel,CCOC(=O)C,ALK,0.753,Cancer
Gefitinib,CCN(CC)CC,HER2,0.749,Cancer
Dasatinib,CC(C)CC,MEK,0.806,Cancer
Imatinib,CCCO,HER2,0.577,Cancer
Tamoxifen,CCN,EGFR,0.936,Cancer
Sorafenib,CCNC,PD-L1,0.765,Cancer
Paclitaxel,CCN,VEGFR,0.606,Cancer
Docetaxel,CC(C)CC,PI3K,0.604,Cancer
Regorafenib,CC(C)O,PI3K,0.711,Cancer
Sorafenib,CCOC(=O)C,MEK,0.759,Cancer
Sunitinib,COC,mTOR,0.813,Cancer
Gefitinib,CCNC,BRAF,0.752,Cancer
Trastuzumab,CCC,PI3K,0.649,Cancer
Vemurafenib,COC,EGFR,0.621,Cancer
Trastuzumab,CCNCO,EGFR,0.955,Cancer
Imatinib,CCN,VEGFR,0.953,Cancer
Paclitaxel,COC,PD-L1,0.694,Cancer
Regorafenib,COC,EGFR,0.552,Cancer
Nilotinib,CCCO,mTOR,0.617,Cancer
Tamoxifen,CCO,PI3K,0.821,Cancer
Lapatinib,CCN,MEK,0.703,Cancer
Lapatinib,CCN(CC)CC,PI3K,0.727,Cancer
Erlotinib,CC(C)CC,VEGFR,0.814,Cancer
Nilotinib,CCCN,EGFR,0.871,Cancer
Tamoxifen,COC,mTOR,0.746,Cancer
Tamoxifen,CCNCO,VEGFR,0.884,Cancer
Vemurafenib,CCN,HER2,0.612,Cancer
Gefitinib,CC(C)CC,HER2,0.634,Cancer
Lapatinib,CC(C)CC,HER2,0.726,Cancer
Docetaxel,CCOC,MEK,0.653,Cancer
Sorafenib,CC(C)O,PD-L1,0.82,Cancer
Sunitinib,CC(C)O,VEGFR,0.55,Cancer
Bevacizumab,CC(C)O,mTOR,0.605,Cancer
Erlotinib,CNC,EGFR,0.905,Cancer
Vemurafenib,CNC,PI3K,0.896,Cancer
Nilotinib,CCCN,MEK,0.848,Cancer
Nilotinib,CCN(CC)CC,mTOR,0.822,Cancer
Imatinib,CNC,BRAF,0.72,Cancer
Nilotinib,COC,PI3K,0.579,Cancer
Erlotinib,CCNCO,BRAF,0.93,Cancer
Docetaxel,CCO,HER2,0.713,Cancer
Vemurafenib,CCC,mTOR,0.866,Cancer
Nilotinib,C1CCCCC1,VEGFR,0.75,Cancer
Imatinib,CC(C)CC,PD-1,0.585,Cancer
Sunitinib,CCOC(=O)C,mTOR,0.759,Cancer
Bevacizumab,CCCO,BRAF,0.736,Cancer
Vemurafenib,CNC,PD-L1,0.72,Cancer
Imatinib,CCOC(=O)C,HER2,0.699,Cancer
Trastuzumab,CCN,ALK,0.988,Cancer
Gefitinib,CCN(CC)CC,EGFR,0.823,Cancer
Nilotinib,CC(C)O,PI3K,0.768,Cancer
Gefitinib,CCOC(=O)C,VEGFR,0.734,Cancer
Vemurafenib,CCC,MEK,0.821,Cancer
Dasatinib,CCCO,BRAF,0.945,Cancer
Dasatinib,CCC,EGFR,0.602,Cancer
Imatinib,CCC,PI3K,0.688,Cancer
Sunitinib,CCCO,MEK,0.848,Cancer
Erlotinib,C1CCCCC1,BRAF,0.653,Cancer
Regorafenib,CCN,PI3K,0.672,Cancer
Dasatinib,CNC,VEGFR,0.628,Cancer
Paclitaxel,CCCO,VEGFR,0.585,Cancer
Nilotinib,CC(C)CC,EGFR,0.718,Cancer
Sunitinib,CCNCO,PD-1,0.98,Cancer
Docetaxel,CC(C)O,mTOR,0.692,Cancer
Erlotinib,CCC,VEGFR,0.587,Cancer
Regorafenib,CCO,mTOR,0.68,Cancer
Regorafenib,CCNC,PD-L1,0.67,Cancer
Vemurafenib,CCNC,MEK,0.96,Cancer
Bevacizumab,CC(C)CC,EGFR,0.945,Cancer
Bevacizumab,CNC,MEK,0.95,Cancer
Erlotinib,C1CCCCC1,PD-1,0.931,Cancer
Dasatinib,CCC,EGFR,0.744,Cancer
Vemurafenib,CCOC,PI3K,0.644,Cancer
Trastuzumab,CCO,ALK,0.681,Cancer
Sorafenib,CCO,MEK,0.958,Cancer
Tamoxifen,C1CCCCC1,PD-1,0.618,Cancer
Sorafenib,CCN,MEK,0.746,Cancer
Tamoxifen,CNC,PD-1,0.801,Cancer
Bevacizumab,COC,PD-L1,0.686,Cancer
Tamoxifen,CCOC,HER2,0.789,Cancer
Lapatinib,CCNC,mTOR,0.596,Cancer
Paclitaxel,CCOC,BRAF,0.951,Cancer
Paclitaxel,CCO,BRAF,0.662,Cancer
Tamoxifen,CCOC(=O)C,MEK,0.876,Cancer
Vemurafenib,CC(C)O,PD-L1,0.662,Cancer
Sunitinib,CCN(CC)CC,mTOR,0.819,Cancer
Sorafenib,CCCO,HER2,0.731,Cancer
Lapatinib,CCO,BRAF,0.755,Cancer
Regorafenib,CCN(CC)CC,PD-L1,0.963,Cancer
Sorafenib,COC,PI3K,0.712,Cancer
Vemurafenib,CCOC,ALK,0.67,Cancer
Gefitinib,CNC,mTOR,0.635,Cancer
Gefitinib,CCNC,ALK,0.762,Cancer
Sunitinib,CCOC,EGFR,0.908,Cancer
Docetaxel,CCCN,PI3K,0.771,Cancer
Dasatinib,CNC,MEK,0.924,Cancer
Dasatinib,COC,MEK,0.935,Cancer
Tamoxifen,CCN,PD-1,0.676,Cancer
Tamoxifen,CCN,MEK,0.877,Cancer
Paclitaxel,C1CCCCC1,PI3K,0.819,Cancer
Lapatinib,CCCO,EGFR,0.897,Cancer
Dasatinib,CCO,PI3K,0.667,Cancer
Lapatinib,CNC,ALK,0.884,Cancer
Nilotinib,CCOC,MEK,0.848,Cancer
Sorafenib,CC(C)O,EGFR,0.822,Cancer
Tamoxifen,C1CCCCC1,mTOR,0.711,Cancer
Sorafenib,C1CCCCC1,MEK,0.605,Cancer
Gefitinib,COC,PD-L1,0.901,Cancer
Dasatinib,CCCN,HER2,0.72,Cancer
Sorafenib,CCOC,ALK,0.677,Cancer
Imatinib,CCCN,EGFR,0.608,Cancer
Sorafenib,CCNCO,ALK,0.803,Cancer
Nilotinib,CNC,BRAF,0.956,Cancer
Paclitaxel,COC,BRAF,0.823,Cancer
Paclitaxel,COC,BRAF,0.679,Cancer
Erlotinib,CCN(CC)CC,EGFR,0.889,Cancer
Tamoxifen,CCOC,MEK,0.742,Cancer
Nilotinib,CCC,EGFR,0.682,Cancer
Paclitaxel,CC(C)O,PI3K,0.71,Cancer
Imatinib,CNC,PD-1,0.773,Cancer
Bevacizumab,CCO,VEGFR,0.78,Cancer
Docetaxel,C1CCCCC1,mTOR,0.945,Cancer
Nilotinib,CCCO,EGFR,0.68,Cancer
Vemurafenib,CNC,mTOR,0.737,Cancer
Bevacizumab,CNC,EGFR,0.614,Cancer
Bevacizumab,CNC,ALK,0.888,Cancer
Regorafenib,CCO,HER2,0.564,Cancer
Lapatinib,CCO,PI3K,0.855,Cancer
Paclitaxel,C1CCCCC1,BRAF,0.674,Cancer
Dasatinib,CCOC,MEK,0.839,Cancer
Vemurafenib,CCCN,VEGFR,0.68,Cancer
Imatinib,C1CCCCC1,mTOR,0.835,Cancer
Regorafenib,CCNC,ALK,0.816,Cancer
Sorafenib,CCO,EGFR,0.729,Cancer
Gefitinib,CCNCO,PD-L1,0.814,Cancer
Imatinib,COC,PD-L1,0.974,Cancer
Paclitaxel,CCOC(=O)C,VEGFR,0.923,Cancer
Sorafenib,CCOC,PD-1,0.954,Cancer
Docetaxel,CCOC(=O)C,PD-1,0.826,Cancer
Lapatinib,CC(C)O,MEK,0.84,Cancer
Sorafenib,CCOC(=O)C,PD-L1,0.582,Cancer
Imatinib,CCC,PD-L1,0.847,Cancer
Nilotinib,CCCO,VEGFR,0.689,Cancer
Paclitaxel,CC(C)CC,PD-L1,0.941,Cancer
Tamoxifen,CCOC(=O)C,EGFR,0.813,Cancer
Vemurafenib,CCCN,BRAF,0.622,Cancer
Imatinib,CCC,ALK,0.984,Cancer
Regorafenib,CCNC,BRAF,0.613,Cancer
Regorafenib,C1CCCCC1,PD-L1,0.613,Cancer
Regorafenib,C1CCCCC1,PI3K,0.598,Cancer
Trastuzumab,CCOC,EGFR,0.856,Cancer
Lapatinib,CCOC,BRAF,0.798,Cancer
Regorafenib,CNC,EGFR,0.764,Cancer
Trastuzumab,CCCO,PD-1,0.835,Cancer
Docetaxel,CNC,HER2,0.908,Cancer
Sunitinib,CCOC,VEGFR,0.92,Cancer
Sorafenib,CCC,BRAF,0.908,Cancer
Paclitaxel,CNC,MEK,0.596,Cancer
Lapatinib,CCCN,PD-L1,0.856,Cancer
Regorafenib,CCC,PI3K,0.55,Cancer
Imatinib,C1CCCCC1,PD-L1,0.776,Cancer
Trastuzumab,CC(C)O,PD-1,0.638,Cancer
Paclitaxel,CCCO,BRAF,0.582,Cancer
Bevacizumab,CCOC,ALK,0.631,Cancer
Tamoxifen,CCC,HER2,0.601,Cancer
Nilotinib,CCO,PD-L1,0.571,Cancer
Nilotinib,CCO,BRAF,0.71,Cancer
Regorafenib,CCN,VEGFR,0.573,Cancer
Bevacizumab,CCNCO,MEK,0.956,Cancer
Docetaxel,CCCN,mTOR,0.962,Cancer
Sunitinib,CCCN,PI3K,0.713,Cancer
Docetaxel,CCNC,MEK,0.957,Cancer
Trastuzumab,C1CCCCC1,mTOR,0.737,Cancer
Paclitaxel,C1CCCCC1,BRAF,0.645,Cancer
Sorafenib,CCOC(=O)C,EGFR,0.84,Cancer
Erlotinib,CCNC,HER2,0.566,Cancer
Sorafenib,CCOC,mTOR,0.761,Cancer
Gefitinib,CC(C)O,PD-L1,0.65,Cancer
Tamoxifen,COC,HER2,0.644,Cancer
Tamoxifen,CCNC,PD-L1,0.706,Cancer
Tamoxifen,COC,PD-L1,0.886,Cancer
Tamoxifen,CCC,MEK,0.646,Cancer
Sunitinib,C1CCCCC1,EGFR,0.556,Cancer
Vemurafenib,CCCO,PI3K,0.792,Cancer
Docetaxel,COC,HER2,0.88,Cancer
Sorafenib,CCCO,VEGFR,0.616,Cancer
Paclitaxel,CCNCO,PD-1,0.949,Cancer
Erlotinib,CCCN,PD-L1,0.783,Cancer
Trastuzumab,CCN,PD-1,0.809,Cancer
Regorafenib,CCO,ALK,0.905,Cancer
Gefitinib,CCCO,ALK,0.806,Cancer
Regorafenib,CNC,MEK,0.675,Cancer
Tamoxifen,COC,VEGFR,0.911,Cancer
Gefitinib,CCCO,EGFR,0.944,Cancer
Vemurafenib,CCNC,VEGFR,0.55,Cancer
Trastuzumab,CCNCO,EGFR,0.809,Cancer
Trastuzumab,C1CCCCC1,BRAF,0.973,Cancer
Erlotinib,CCN(CC)CC,ALK,0.974,Cancer
Trastuzumab,CCC,PD-1,0.932,Cancer
Regorafenib,C1CCCCC1,HER2,0.923,Cancer
Vemurafenib,CCO,BRAF,0.667,Cancer
Imatinib,CC(C)O,ALK,0.813,Cancer
Bevacizumab,CCOC,PD-1,0.959,Cancer
Lapatinib,CC(C)O,PD-L1,0.99,Cancer
Docetaxel,CCNC,VEGFR,0.834,Cancer
Gefitinib,CCOC,ALK,0.766,Cancer
Vemurafenib,CCCN,VEGFR,0.869,Cancer
Sorafenib,CCCN,HER2,0.758,Cancer
Nilotinib,CCN,VEGFR,0.73,Cancer
Erlotinib,CCNC,PI3K,0.824,Cancer
Regorafenib,CCC,VEGFR,0.791,Cancer
Lapatinib,CCCN,HER2,0.715,Cancer
Docetaxel,C1CCCCC1,ALK,0.65,Cancer
Docetaxel,CCC,HER2,0.554,Cancer
Bevacizumab,CNC,PD-1,0.635,Cancer
Erlotinib,COC,ALK,0.777,Cancer
Vemurafenib,CCNCO,PD-L1,0.971,Cancer
Trastuzumab,CCOC(=O)C,ALK,0.853,Cancer
Docetaxel,CC(C)O,MEK,0.555,Cancer
Vemurafenib,CCOC(=O)C,BRAF,0.566,Cancer
Lapatinib,CCCO,PD-1,0.674,Cancer
Tamoxifen,CCN(CC)CC,mTOR,0.857,Cancer
Gefitinib,CCCN,PD-L1,0.615,Cancer
Docetaxel,CNC,VEGFR,0.734,Cancer
Erlotinib,CCOC(=O)C,VEGFR,0.614,Cancer
Paclitaxel,C1CCCCC1,PI3K,0.575,Cancer
Paclitaxel,CCO,BRAF,0.795,Cancer
Paclitaxel,CC(C)CC,BRAF,0.725,Cancer
Nilotinib,CCC,BRAF,0.757,Cancer
Gefitinib,COC,BRAF,0.912,Cancer
Paclitaxel,CC(C)O,ALK,0.556,Cancer
Tamoxifen,CNC,HER2,0.596,Cancer
Vemurafenib,CC(C)O,PD-1,0.693,Cancer
Erlotinib,CCNCO,PD-1,0.799,Cancer
Tamoxifen,CC(C)O,PD-L1,0.816,Cancer
Nilotinib,COC,PI3K,0.597,Cancer
Bevacizumab,CCNCO,mTOR,0.836,Cancer
Sunitinib,CCNC,PD-1,0.948,Cancer
Sunitinib,CCCO,ALK,0.552,Cancer
Dasatinib,CNC,ALK,0.6,Cancer
Erlotinib,COC,HER2,0.974,Cancer
Paclitaxel,CCCN,mTOR,0.647,Cancer
Sorafenib,CCOC,BRAF,0.965,Cancer
Sorafenib,CNC,MEK,0.781,Cancer
Erlotinib,CCCN,PD-L1,0.778,Cancer
Imatinib,CCNCO,ALK,0.732,Cancer
Bevacizumab,COC,MEK,0.679,Cancer
Vemurafenib,CCN,PD-1,0.85,Cancer
Lapatinib,CCCN,VEGFR,0.96,Cancer
Paclitaxel,CCO,VEGFR,0.598,Cancer
Gefitinib,CCNCO,PD-1,0.79,Cancer
Docetaxel,CCN,mTOR,0.878,Cancer
Gefitinib,COC,BRAF,0.818,Cancer
Sunitinib,CCC,PD-L1,0.66,Cancer
Regorafenib,CCOC(=O)C,HER2,0.64,Cancer
Sorafenib,CCOC,PI3K,0.889,Cancer
Imatinib,CNC,HER2,0.894,Cancer
Trastuzumab,CCCO,HER2,0.868,Cancer
Trastuzumab,C1CCCCC1,PD-1,0.829,Cancer
Vemurafenib,CC(C)O,PI3K,0.823,Cancer
Erlotinib,C1CCCCC1,ALK,0.804,Cancer
Tamoxifen,CCO,HER2,0.591,Cancer
Gefitinib,CCOC,mTOR,0.827,Cancer
Vemurafenib,CCO,EGFR,0.611,Cancer
Erlotinib,CCNCO,BRAF,0.742,Cancer
Bevacizumab,CCCN,BRAF,0.681,Cancer
Sunitinib,CCN(CC)CC,MEK,0.812,Cancer
Tamoxifen,CCNCO,MEK,0.744,Cancer
Sorafenib,CCOC(=O)C,mTOR,0.965,Cancer
Lapatinib,CC(C)O,PI3K,0.702,Cancer
Paclitaxel,CNC,BRAF,0.849,Cancer
Trastuzumab,CCOC,EGFR,0.645,Cancer
Regorafenib,CCN(CC)CC,PD-L1,0.622,Cancer
Sunitinib,CCC,ALK,0.609,Cancer
Dasatinib,C1CCCCC1,VEGFR,0.979,Cancer
Sorafenib,CCCO,VEGFR,0.866,Cancer
Tamoxifen,CCCN,ALK,0.732,Cancer
Trastuzumab,CCC,VEGFR,0.563,Cancer
Vemurafenib,CC(C)O,HER2,0.915,Cancer
Tamoxifen,CCOC(=O)C,ALK,0.835,Cancer
Lapatinib,CCN(CC)CC,MEK,0.582,Cancer
Gefitinib,CCNCO,EGFR,0.932,Cancer
Imatinib,CCO,PI3K,0.862,Cancer
Sunitinib,CCO,MEK,0.763,Cancer
Gefitinib,CCOC(=O)C,PD-1,0.586,Cancer
Dasatinib,CCO,ALK,0.728,Cancer
Gefitinib,CC(C)CC,MEK,0.933,Cancer
Bevacizumab,CCN(CC)CC,BRAF,0.563,Cancer
Sorafenib,CC(C)O,PD-1,0.882,Cancer
Docetaxel,C1CCCCC1,PI3K,0.973,Cancer
Vemurafenib,C1CCCCC1,BRAF,0.787,Cancer
Docetaxel,CC(C)O,ALK,0.747,Cancer
Bevacizumab,CCOC(=O)C,ALK,0.607,Cancer
Dasatinib,CC(C)CC,ALK,0.691,Cancer
Trastuzumab,CCC,HER2,0.861,Cancer
Sorafenib,CC(C)O,ALK,0.663,Cancer
Imatinib,CNC,PD-1,0.874,Cancer
Imatinib,CCN(CC)CC,BRAF,0.764,Cancer
Tamoxifen,CCN(CC)CC,VEGFR,0.6,Cancer
Sorafenib,CCCO,ALK,0.629,Cancer
Docetaxel,CC(C)CC,EGFR,0.791,Cancer
Trastuzumab,CC(C)O,HER2,0.815,Cancer
Vemurafenib,CCOC(=O)C,mTOR,0.978,Cancer
Tamoxifen,CCN(CC)CC,EGFR,0.589,Cancer
Regorafenib,CC(C)CC,EGFR,0.727,Cancer
Sorafenib,CC(C)O,BRAF,0.595,Cancer
Erlotinib,CCNCO,PD-L1,0.64,Cancer
Docetaxel,CC(C)CC,PD-1,0.755,Cancer
Regorafenib,CCO,BRAF,0.806,Cancer
Docetaxel,CCOC,PD-L1,0.556,Cancer
Tamoxifen,CCCO,mTOR,0.752,Cancer
Paclitaxel,CC(C)O,PI3K,0.646,Cancer
Vemurafenib,CCNC,HER2,0.694,Cancer
Vemurafenib,CCO,EGFR,0.882,Cancer
Imatinib,CCC,VEGFR,0.571,Cancer
Tamoxifen,CC(C)CC,VEGFR,0.9,Cancer
Bevacizumab,CCOC,mTOR,0.841,Cancer
Erlotinib,CCN,MEK,0.611,Cancer
Tamoxifen,C1CCCCC1,mTOR,0.724,Cancer
Docetaxel,CC(C)O,PI3K,0.684,Cancer
Gefitinib,CCN(CC)CC,ALK,0.954,Cancer
Bevacizumab,CNC,MEK,0.638,Cancer
Regorafenib,C1CCCCC1,BRAF,0.891,Cancer
Paclitaxel,CCNC,PI3K,0.869,Cancer
Erlotinib,C1CCCCC1,EGFR,0.857,Cancer
Paclitaxel,CNC,MEK,0.85,Cancer
Sorafenib,CCCN,ALK,0.838,Cancer
Sunitinib,CCC,HER2,0.911,Cancer
Gefitinib,CCOC(=O)C,EGFR,0.66,Cancer
Bevacizumab,CCOC(=O)C,EGFR,0.552,Cancer
Vemurafenib,CCN,MEK,0.7,Cancer
Trastuzumab,CNC,mTOR,0.82,Cancer
Paclitaxel,CNC,EGFR,0.867,Cancer
Imatinib,CCC,PI3K,0.621,Cancer
Tamoxifen,COC,EGFR,0.814,Cancer
Vemurafenib,CCOC(=O)C,VEGFR,0.644,Cancer
Bevacizumab,CCOC(=O)C,PI3K,0.965,Cancer
Paclitaxel,CCCO,EGFR,0.807,Cancer
Tamoxifen,CCCO,ALK,0.747,Cancer
Vemurafenib,CCCO,PD-1,0.836,Cancer
Imatinib,CCNCO,PD-1,0.725,Cancer
Docetaxel,CCOC(=O)C,VEGFR,0.818,Cancer
Imatinib,CCO,EGFR,0.714,Cancer
Tamoxifen,CCO,mTOR,0.949,Cancer
Imatinib,CCOC,VEGFR,0.587,Cancer
Dasatinib,C1CCCCC1,HER2,0.973,Cancer
Docetaxel,CCCN,BRAF,0.826,Cancer
Bevacizumab,COC,HER2,0.688,Cancer
Tamoxifen,CCCN,VEGFR,0.65,Cancer
Sunitinib,CCNC,BRAF,0.693,Cancer
Vemurafenib,CCOC(=O)C,ALK,0.773,Cancer
Regorafenib,CCN,PD-1,0.876,Cancer
Paclitaxel,CCNC,HER2,0.931,Cancer
Erlotinib,CCCN,HER2,0.958,Cancer
Tamoxifen,CCN,EGFR,0.885,Cancer
Erlotinib,COC,VEGFR,0.938,Cancer
Dasatinib,CCOC(=O)C,PI3K,0.595,Cancer
Vemurafenib,CCNCO,PD-L1,0.586,Cancer
Dasatinib,CCN,BRAF,0.895,Cancer
Gefitinib,CC(C)CC,EGFR,0.629,Cancer
Docetaxel,CCNCO,MEK,0.631,Cancer
Nilotinib,CCOC,EGFR,0.986,Cancer
Paclitaxel,CNC,MEK,0.704,Cancer
Tamoxifen,COC,VEGFR,0.868,Cancer
Dasatinib,C1CCCCC1,HER2,0.656,Cancer
Nilotinib,CCNC,ALK,0.744,Cancer
Paclitaxel,CNC,MEK,0.624,Cancer
Dasatinib,CNC,PI3K,0.858,Cancer
Vemurafenib,CCN(CC)CC,EGFR,0.635,Cancer
Nilotinib,CCCO,ALK,0.634,Cancer
Bevacizumab,CCNCO,MEK,0.866,Cancer
Paclitaxel,CCCO,PD-1,0.561,Cancer
Nilotinib,CCNCO,PD-1,0.598,Cancer
Paclitaxel,CC(C)O,mTOR,0.898,Cancer
Imatinib,C1CCCCC1,VEGFR,0.831,Cancer
Sorafenib,CCNCO,PD-1,0.581,Cancer
Sunitinib,CCOC(=O)C,HER2,0.716,Cancer
Bevacizumab,C1CCCCC1,mTOR,0.654,Cancer
Imatinib,CCNCO,PD-L1,0.743,Cancer
Gefitinib,CCNCO,PI3K,0.568,Cancer
Vemurafenib,CNC,mTOR,0.659,Cancer
Gefitinib,COC,PD-1,0.641,Cancer
Imatinib,CCNC,BRAF,0.68,Cancer
Docetaxel,C1CCCCC1,BRAF,0.795,Cancer
Vemurafenib,CCO,BRAF,0.551,Cancer
Erlotinib,CCC,ALK,0.67,Cancer
Imatinib,C1CCCCC1,EGFR,0.891,Cancer
Docetaxel,CCO,mTOR,0.821,Cancer
Bevacizumab,C1CCCCC1,ALK,0.731,Cancer
Nilotinib,CCNCO,BRAF,0.837,Cancer
Tamoxifen,CC(C)O,MEK,0.78,Cancer
Tamoxifen,CCOC(=O)C,PD-1,0.632,Cancer
Trastuzumab,C1CCCCC1,HER2,0.559,Cancer
Docetaxel,C1CCCCC1,BRAF,0.906,Cancer
Sunitinib,CCOC,VEGFR,0.752,Cancer
Bevacizumab,CCNCO,VEGFR,0.806,Cancer
Regorafenib,CCNC,BRAF,0.852,Cancer
Bevacizumab,CCN(CC)CC,BRAF,0.661,Cancer
Imatinib,CCO,ALK,0.555,Cancer
Trastuzumab,CCOC,ALK,0.985,Cancer
Bevacizumab,CCCO,PI3K,0.977,Cancer
Gefitinib,CCC,PD-1,0.699,Cancer
Vemurafenib,COC,mTOR,0.702,Cancer
Tamoxifen,COC,PD-1,0.962,Cancer
Trastuzumab,CCCN,HER2,0.915,Cancer
Regorafenib,CCO,MEK,0.604,Cancer
Bevacizumab,CCN,ALK,0.796,Cancer
Tamoxifen,CCN(CC)CC,EGFR,0.799,Cancer
Sunitinib,CCNC,MEK,0.674,Cancer
Sunitinib,CNC,MEK,0.956,Cancer
Trastuzumab,CCN,HER2,0.593,Cancer
Imatinib,CC(C)CC,EGFR,0.859,Cancer
Lapatinib,CCCO,HER2,0.616,Cancer
Trastuzumab,C1CCCCC1,PI3K,0.642,Cancer
Tamoxifen,CCN(CC)CC,PD-1,0.831,Cancer
Dasatinib,CCO,ALK,0.559,Cancer
Sunitinib,C1CCCCC1,EGFR,0.576,Cancer
Erlotinib,CCN(CC)CC,PD-1,0.703,Cancer
Sunitinib,CCOC(=O)C,MEK,0.754,Cancer
Bevacizumab,CCNC,mTOR,0.798,Cancer
Sunitinib,C1CCCCC1,PD-L1,0.578,Cancer
Regorafenib,CCCN,mTOR,0.97,Cancer
Dasatinib,CCO,ALK,0.693,Cancer
Gefitinib,CC(C)CC,PD-1,0.888,Cancer
Sorafenib,CCO,PI3K,0.925,Cancer
Vemurafenib,CC(C)CC,PD-L1,0.834,Cancer
Trastuzumab,CCN(CC)CC,MEK,0.552,Cancer
Paclitaxel,CCCO,VEGFR,0.766,Cancer
Gefitinib,CCN,VEGFR,0.788,Cancer
Trastuzumab,CCNC,EGFR,0.713,Cancer
Imatinib,CCNCO,MEK,0.69,Cancer
Imatinib,CCOC(=O)C,PI3K,0.85,Cancer
Lapatinib,COC,PD-L1,0.676,Cancer
Erlotinib,CCC,EGFR,0.974,Cancer
Sunitinib,CCOC(=O)C,PD-1,0.711,Cancer
Trastuzumab,CCN(CC)CC,VEGFR,0.718,Cancer
Vemurafenib,CCO,MEK,0.608,Cancer
Docetaxel,CC(C)O,PD-1,0.932,Cancer
Bevacizumab,C1CCCCC1,PI3K,0.888,Cancer
Erlotinib,CCNCO,EGFR,0.817,Cancer
Tamoxifen,CCN,BRAF,0.758,Cancer
Dasatinib,CCO,PD-L1,0.657,Cancer
Sorafenib,CC(C)CC,VEGFR,0.801,Cancer
Bevacizumab,C1CCCCC1,HER2,0.558,Cancer
Regorafenib,CCCN,EGFR,0.891,Cancer
Dasatinib,CCNCO,BRAF,0.593,Cancer
Imatinib,CC(C)CC,mTOR,0.843,Cancer
Trastuzumab,CCOC,VEGFR,0.917,Cancer
Tamoxifen,CCCN,EGFR,0.938,Cancer
Regorafenib,CCN,PD-1,0.645,Cancer
Tamoxifen,COC,VEGFR,0.712,Cancer
Nilotinib,CCNC,BRAF,0.636,Cancer
Imatinib,CCOC(=O)C,MEK,0.671,Cancer
Dasatinib,CC(C)CC,PD-L1,0.702,Cancer
Vemurafenib,CCOC,PD-1,0.969,Cancer
Tamoxifen,CCOC,EGFR,0.97,Cancer
Imatinib,CC(C)O,ALK,0.912,Cancer
Lapatinib,CCOC,ALK,0.882,Cancer
Paclitaxel,CCO,PD-L1,0.638,Cancer
Vemurafenib,CCOC(=O)C,MEK,0.575,Cancer
Dasatinib,CCC,EGFR,0.817,Cancer
Erlotinib,COC,PD-1,0.934,Cancer
Sunitinib,CCN,ALK,0.75,Cancer
Vemurafenib,CNC,HER2,0.795,Cancer
Imatinib,CCOC(=O)C,VEGFR,0.894,Cancer
Trastuzumab,CCOC(=O)C,PD-1,0.64,Cancer
Docetaxel,COC,PD-L1,0.83,Cancer
Tamoxifen,CCCN,mTOR,0.94,Cancer
Gefitinib,CCCO,ALK,0.558,Cancer
Imatinib,CCCN,EGFR,0.937,Cancer
Nilotinib,CCN,MEK,0.882,Cancer
Tamoxifen,C1CCCCC1,PD-L1,0.651,Cancer
Tamoxifen,CCNC,mTOR,0.801,Cancer
Nilotinib,CCCO,PD-L1,0.731,Cancer
Regorafenib,CCNCO,PD-1,0.871,Cancer
Vemurafenib,CC(C)O,MEK,0.602,Cancer
Imatinib,CNC,PD-1,0.805,Cancer
Tamoxifen,CCC,VEGFR,0.67,Cancer
Gefitinib,CCOC,EGFR,0.715,Cancer
Tamoxifen,CCCO,VEGFR,0.559,Cancer
Paclitaxel,CCOC(=O)C,ALK,0.923,Cancer
Lapatinib,CNC,VEGFR,0.803,Cancer
Regorafenib,CCOC(=O)C,PD-1,0.597,Cancer
Docetaxel,CCNC,BRAF,0.988,Cancer
Lapatinib,CC(C)O,mTOR,0.835,Cancer
Lapatinib,CCNC,MEK,0.707,Cancer
Trastuzumab,CCN(CC)CC,mTOR,0.71,Cancer
Docetaxel,CCC,HER2,0.864,Cancer
Sunitinib,C1CCCCC1,ALK,0.865,Cancer
Paclitaxel,CCN(CC)CC,PD-L1,0.645,Cancer
Bevacizumab,CNC,mTOR,0.881,Cancer
Trastuzumab,CCC,MEK,0.813,Cancer
Sunitinib,CC(C)O,HER2,0.896,Cancer
Trastuzumab,COC,mTOR,0.7,Cancer
Sorafenib,CCC,PD-1,0.712,Cancer
Bevacizumab,CC(C)CC,BRAF,0.94,Cancer
Gefitinib,C1CCCCC1,MEK,0.964,Cancer
Imatinib,CCOC(=O)C,HER2,0.931,Cancer
Gefitinib,C1CCCCC1,EGFR,0.735,Cancer
Gefitinib,CCNCO,EGFR,0.72,Cancer
Sorafenib,CCN(CC)CC,EGFR,0.93,Cancer
Erlotinib,CC(C)CC,PI3K,0.892,Cancer
Docetaxel,CCO,mTOR,0.629,Cancer
Regorafenib,CCCN,PD-1,0.73,Cancer
Trastuzumab,C1CCCCC1,ALK,0.91,Cancer
Lapatinib,CC(C)CC,PD-L1,0.762,Cancer
Lapatinib,COC,PD-L1,0.829,Cancer
Vemurafenib,CCO,MEK,0.555,Cancer
Regorafenib,COC,BRAF,0.907,Cancer
Docetaxel,CCN,ALK,0.771,Cancer
Vemurafenib,COC,MEK,0.976,Cancer
Vemurafenib,CCNC,mTOR,0.724,Cancer
Tamoxifen,C1CCCCC1,mTOR,0.832,Cancer
Regorafenib,CCN(CC)CC,PD-1,0.741,Cancer
Vemurafenib,CC(C)O,PD-L1,0.689,Cancer
Paclitaxel,CCC,BRAF,0.66,Cancer
Imatinib,CNC,mTOR,0.841,Cancer
Vemurafenib,CCN,mTOR,0.934,Cancer
Tamoxifen,CC(C)O,PI3K,0.92,Cancer
Sorafenib,CCO,MEK,0.876,Cancer
Sunitinib,CCCO,HER2,0.768,Cancer
Erlotinib,CCC,HER2,0.764,Cancer
Tamoxifen,CCC,VEGFR,0.921,Cancer
Nilotinib,CCCO,PD-L1,0.751,Cancer
Nilotinib,CCNC,EGFR,0.718,Cancer
Imatinib,CC(C)CC,VEGFR,0.662,Cancer
Dasatinib,CC(C)O,ALK,0.984,Cancer
Lapatinib,CCNC,VEGFR,0.846,Cancer
Dasatinib,CCCO,HER2,0.907,Cancer
Nilotinib,CC(C)CC,MEK,0.808,Cancer
Bevacizumab,CCC,PD-1,0.616,Cancer
Sorafenib,CCN(CC)CC,PI3K,0.967,Cancer
Bevacizumab,CCOC,PD-L1,0.803,Cancer
Vemurafenib,CCC,ALK,0.614,Cancer
Sorafenib,CCCN,ALK,0.975,Cancer
Imatinib,CNC,BRAF,0.886,Cancer
Paclitaxel,CNC,mTOR,0.885,Cancer
Tamoxifen,CCC,EGFR,0.836,Cancer
Gefitinib,CCO,mTOR,0.772,Cancer
Nilotinib,CCN,MEK,0.803,Cancer
Vemurafenib,CCCO,mTOR,0.661,Cancer
Regorafenib,CCCN,ALK,0.949,Cancer
Nilotinib,C1CCCCC1,PI3K,0.685,Cancer
Vemurafenib,CCN,PD-L1,0.631,Cancer
Trastuzumab,CCCN,PD-1,0.598,Cancer
Vemurafenib,CCC,EGFR,0.722,Cancer
Regorafenib,CCNC,VEGFR,0.694,Cancer
Bevacizumab,CCNC,PI3K,0.9,Cancer
Imatinib,COC,EGFR,0.783,Cancer
Regorafenib,CNC,ALK,0.739,Cancer
Regorafenib,CCNC,VEGFR,0.6,Cancer
Erlotinib,CCCO,MEK,0.71,Cancer
Nilotinib,COC,PD-1,0.681,Cancer
Regorafenib,CCCO,VEGFR,0.618,Cancer
Sorafenib,CCNC,HER2,0.869,Cancer
Imatinib,CCN(CC)CC,EGFR,0.801,Cancer
Lapatinib,CCNCO,mTOR,0.776,Cancer
Sorafenib,CC(C)O,PD-L1,0.861,Cancer
Lapatinib,CCOC,mTOR,0.773,Cancer
Imatinib,CCO,VEGFR,0.586,Cancer
Sorafenib,CCCO,ALK,0.969,Cancer
Vemurafenib,C1CCCCC1,MEK,0.63,Cancer
Docetaxel,C1CCCCC1,PI3K,0.626,Cancer
Bevacizumab,CCCO,BRAF,0.745,Cancer
Gefitinib,COC,PI3K,0.801,Cancer
Gefitinib,CCOC,PD-1,0.943,Cancer
Erlotinib,CC(C)O,mTOR,0.954,Cancer
Gefitinib,CCNC,VEGFR,0.741,Cancer
Erlotinib,CC(C)O,PI3K,0.99,Cancer
Trastuzumab,CCCN,HER2,0.89,Cancer
Docetaxel,CCOC,mTOR,0.936,Cancer
Dasatinib,CCO,PD-1,0.735,Cancer
Erlotinib,CCC,EGFR,0.919,Cancer
Sorafenib,CCOC,PD-L1,0.829,Cancer
Bevacizumab,CC(C)CC,EGFR,0.807,Cancer
Lapatinib,C1CCCCC1,HER2,0.947,Cancer
Trastuzumab,CCNC,EGFR,0.77,Cancer
Vemurafenib,CNC,VEGFR,0.799,Cancer
Regorafenib,CCN(CC)CC,PD-1,0.754,Cancer
Paclitaxel,C1CCCCC1,BRAF,0.596,Cancer
Dasatinib,CCN,MEK,0.78,Cancer
Sunitinib,CC(C)O,BRAF,0.926,Cancer
Regorafenib,CCCO,VEGFR,0.634,Cancer
Tamoxifen,CCCN,PD-1,0.59,Cancer
Lapatinib,CCOC,PD-L1,0.781,Cancer
Nilotinib,CC(C)O,PI3K,0.911,Cancer
Sorafenib,CCCO,PD-L1,0.586,Cancer
Dasatinib,CCOC,HER2,0.788,Cancer
Lapatinib,CCN(CC)CC,PD-1,0.588,Cancer
Bevacizumab,CCCN,mTOR,0.779,Cancer
Tamoxifen,CCCN,EGFR,0.63,Cancer
Docetaxel,CCC,PI3K,0.585,Cancer
Sunitinib,COC,BRAF,0.703,Cancer
Bevacizumab,CCNCO,mTOR,0.941,Cancer
Tamoxifen,CCNCO,MEK,0.871,Cancer
Trastuzumab,CCC,ALK,0.679,Cancer
Vemurafenib,CCOC(=O)C,PD-L1,0.686,Cancer
Sunitinib,CCC,PD-1,0.87,Cancer
Imatinib,CCO,ALK,0.863,Cancer
Tamoxifen,CCC,EGFR,0.69,Cancer
Trastuzumab,CCOC(=O)C,HER2,0.866,Cancer
Bevacizumab,C1CCCCC1,MEK,0.743,Cancer
Erlotinib,CCN(CC)CC,BRAF,0.646,Cancer
Lapatinib,CCN(CC)CC,VEGFR,0.797,Cancer
Gefitinib,CCCN,ALK,0.953,Cancer
